cut,n_candidates,matched_candidates,matched_true_clusters,recovery,purity_proxy,candidate_density,f1
PPM_significance >= 2.269 & PPM_richness >= 7,3574,1550,834,0.702020202020202,0.4336877448237269,3.008417508417508,0.5361546673700923
PPM_richness >= 7,3727,1609,849,0.7146464646464646,0.43171451569627045,3.137205387205387,0.5382654463459827
PPM_richness/rmax^2 >= 3.136 & PPM_z_rms <= 0.09405,3445,1473,838,0.7053872053872053,0.4275761973875181,2.8998316498316496,0.5324210441866152
PPM_richness/rmax^2 >= 4.002 & PPM_z_rms <= 0.09906,3513,1501,838,0.7053872053872053,0.42727013948192427,2.957070707070707,0.5321837023347595
PPM_significance >= 2.269 & PPM_richness >= 6,3678,1570,845,0.7112794612794613,0.42686242523110385,3.095959595959596,0.5335336120344174
PPM_richness/(rmax^2*z_rms) >= 61.174,3636,1551,847,0.7129629629629629,0.4265676567656766,3.0606060606060606,0.5337758112094396
PPM_richness >= 6,3841,1636,863,0.7264309764309764,0.4259307472012497,3.233164983164983,0.5370002877327892
PPM_richness/rmax^2 >= 4.002,3698,1573,849,0.7146464646464646,0.4253650621957815,3.112794612794613,0.5333027442702412
PPM_richness/rmax^2 >= 3.136 & PPM_z_rms <= 0.09906,3647,1549,852,0.7171717171717171,0.42473265697833834,3.06986531986532,0.5335057047500776
PPM_richness/rmax^2 >= 3.136,3838,1624,864,0.7272727272727273,0.42313705054716,3.2306397306397305,0.5350024707626421
PPM_richness/(rmax^2*z_rms) >= 48.934,3839,1618,868,0.7306397306397306,0.42146392289658763,3.2314814814814814,0.534566983021584
PPM_significance >= 2.4423 & PPM_z_rms <= 0.09906,3466,1460,832,0.7003367003367004,0.4212348528563185,2.9175084175084174,0.5260586827052665
PPM_significance >= 2.4423,3636,1530,845,0.7112794612794613,0.4207920792079208,3.0606060606060606,0.5287665182022308
PPM_significance >= 2.269 & PPM_z_rms <= 0.09405,3454,1447,834,0.702020202020202,0.4189345686160973,2.9074074074074074,0.5247321982958785
PPM_significance >= 2.269 & PPM_z_rms <= 0.09906,3647,1520,848,0.7138047138047138,0.4167809158212229,3.06986531986532,0.526276249301815
PPM_z_rms <= 0.08998,3394,1412,835,0.7028619528619529,0.4160282852091927,2.856902356902357,0.5226794247343314
PPM_significance >= 2.269,3839,1594,863,0.7264309764309764,0.41521229486845534,3.2314814814814814,0.5284016126055341
PPM_z_rms <= 0.09405,3637,1510,856,0.7205387205387206,0.41517734396480616,3.0614478114478114,0.5268065876092691
PPM_z_rms <= 0.09906,3841,1586,870,0.7323232323232324,0.4129133038271284,3.233164983164983,0.5280760712444589
PPM_valid,4041,1664,884,0.7441077441077442,0.41177926255877256,3.4015151515151514,0.5301697075332903
PPM_rmax_mean >= 0.9997,4041,1664,884,0.7441077441077442,0.41177926255877256,3.4015151515151514,0.5301697075332903
baseline: i<22.0+n_members>=7,4590,1872,956,0.8047138047138047,0.40784313725490196,3.8636363636363638,0.5413304585497588
PPM_rmax_mean <= 2.7659,3839,1564,875,0.7365319865319865,0.4073977598332899,3.2314814814814814,0.5246152262621193
PPM_rmax_mean <= 2.4489,3675,1486,861,0.7247474747474747,0.40435374149659864,3.0934343434343434,0.5190931492026746
